student_id,student_name,subject,score,attendance,passed
STU001,Ava Bennett,Mathematics,88.5,96.0,true
STU001,Ava Bennett,Science,91.0,96.0,true
STU001,Ava Bennett,English,84.0,96.0,true
STU002,Liam Carter,Mathematics,72.0,89.5,true
STU002,Liam Carter,Science,68.5,89.5,true
STU002,Liam Carter,English,76.0,89.5,true
STU003,Mia Rodriguez,Mathematics,94.0,98.0,true
STU003,Mia Rodriguez,Science,90.5,98.0,true
STU003,Mia Rodriguez,English,92.0,98.0,true
STU004,Noah Wilson,Mathematics,55.0,78.0,true
STU004,Noah Wilson,Science,61.5,78.0,true
STU004,Noah Wilson,English,58.0,78.0,true
STU005,Isla Thompson,Mathematics,39.0,82.5,false
STU005,Isla Thompson,Science,44.5,82.5,true
STU005,Isla Thompson,English,47.0,82.5,true
STU006,Ethan Brooks,Mathematics,81.0,93.0,true
STU006,Ethan Brooks,Science,77.5,93.0,true
STU006,Ethan Brooks,English,79.0,93.0,true
STU007,Sophia Nguyen,Mathematics,66.5,87.0,true
STU007,Sophia Nguyen,Science,70.0,87.0,true
STU007,Sophia Nguyen,English,73.5,87.0,true
STU008,Lucas Morgan,Mathematics,48.0,74.5,true
STU008,Lucas Morgan,Science,52.0,74.5,true
STU008,Lucas Morgan,English,41.5,74.5,true
STU009,Amelia Foster,Mathematics,97.0,99.0,true
STU009,Amelia Foster,Science,95.5,99.0,true
STU009,Amelia Foster,English,93.0,99.0,true
STU010,Henry Kim,Mathematics,63.0,85.5,true
STU010,Henry Kim,Science,59.5,85.5,true
STU010,Henry Kim,English,65.0,85.5,true
STU011,Grace Patel,Mathematics,35.5,69.0,false
STU011,Grace Patel,Science,38.0,69.0,false
STU011,Grace Patel,English,42.0,69.0,true
STU012,Oliver Reed,Mathematics,79.5,91.0,true
STU012,Oliver Reed,Science,83.0,91.0,true
STU012,Oliver Reed,English,80.0,91.0,true
